INSERT INTO store (store_id, name, address, open_time, close_time, ownership_type) VALUES
(1, 'Seoul Main', '123 Gangnam St, Seoul', '08:00:00', '22:00:00', 'Franchise'),
(2, 'Busan Branch', '456 Haeundae St, Busan', '09:00:00', '21:00:00', 'Corporate'),
(3, 'Incheon Store', '789 Airport Rd, Incheon', '07:00:00', '23:00:00', 'Franchise'),
(4, 'Daegu Outlet', '321 Central Ave, Daegu', '08:30:00', '22:30:00', 'Corporate'),
(5, 'Gwangju Shop', '654 Peace St, Gwangju', '09:00:00', '21:30:00', 'Franchise'),
(6, 'Daejeon Corner', '987 Science Rd, Daejeon', '08:00:00', '22:00:00', 'Corporate'),
(7, 'Ulsan Market', '147 Industry St, Ulsan', '07:30:00', '23:00:00', 'Franchise'),
(8, 'Jeju Island', '258 Coastal Rd, Jeju', '09:00:00', '20:00:00', 'Corporate'),
(9, 'Suwon Plaza', '369 Station St, Suwon', '08:00:00', '22:00:00', 'Franchise'),
(10, 'Cheongju Hub', '741 University Rd, Cheongju', '08:30:00', '21:30:00', 'Corporate');


INSERT INTO store_phone (store_id, phone) VALUES
(1, '02-1234-5678'), (1, '02-1234-5679'),
(2, '051-234-5678'), (2, '051-234-5679'),
(3, '032-345-6789'), (3, '032-345-6790'),
(4, '053-456-7890'), (4, '053-456-7891'),
(5, '062-567-8901'), (5, '062-567-8902'),
(6, '042-678-9012'), (6, '042-678-9013'),
(7, '052-789-0123'), (7, '052-789-0124'),
(8, '064-890-1234'), (8, '064-890-1235'),
(9, '031-901-2345'), (9, '031-901-2346'),
(10, '043-012-3456'), (10, '043-012-3457');


INSERT INTO vendor (vendor_id, name) VALUES
(1, 'Coca-Cola Korea'),
(2, 'Lotte Foods'),
(3, 'Orion Snacks'),
(4, 'Nongshim'),
(5, 'CJ Foods'),
(6, 'PepsiCo Korea'),
(7, 'Haitai Confectionery'),
(8, 'Samyang Foods'),
(9, 'Dongwon F&B'),
(10, 'Pulmuone');


INSERT INTO vendor_contact (vendor_id, contact_info) VALUES
(1, '02-555-1111'), (1, 'sales@cocacola.kr'),
(2, '02-555-2222'), (2, 'info@lottefoods.com'),
(3, '02-555-3333'), (3, 'contact@orion.kr'),
(4, '02-555-4444'), (4, 'support@nongshim.com'),
(5, '02-555-5555'), (5, 'sales@cjfoods.co.kr'),
(6, '02-555-6666'), (6, 'pepsi@pepsico.kr'),
(7, '02-555-7777'), (7, 'info@haitai.co.kr'),
(8, '02-555-8888'), (8, 'samyang@samyangfoods.com'),
(9, '02-555-9999'), (9, 'dongwon@dwfnb.co.kr'),
(10, '02-555-0000'), (10, 'pulmuone@pulmuone.com');


INSERT INTO product (product_upc, name, brand, package_type, size, price, vendor_id) VALUES
('8801234567890', 'CocaCola', 'Coca-Cola', 'Can', '500ml', 2.50, 1),
('8801234567891', 'Sprite', 'Coca-Cola', 'Bottle', '500ml', 2.50, 1),
('8802345678901', 'ChocoPie', 'Orion', 'Box', '12 pack', 5.00, 3),
('8803456789012', 'ShinRamyun', 'Nongshim', 'Bag', '120g', 1.50, 4),
('8804567890123', 'Hetbahn', 'CJ', 'Pack', '200g', 3.00, 5),
('8805678901234', 'Pepsi', 'PepsiCo', 'Can', '500ml', 2.30, 6),
('8806789012345', 'CalbeeChips', 'Haitai', 'Bag', '50g', 1.50, 7),
('8807890123456', 'HotChickenRamen', 'Samyang', 'Bag', '140g', 2.00, 8),
('8808901234567', 'TunaCan', 'Dongwon', 'Can', '150g', 4.00, 9),
('8809012345678', 'TofuSoft', 'Pulmuone', 'Pack', '300g', 2.50, 10),
('8801234567892', 'FantaOrange', 'Coca-Cola', 'Bottle', '500ml', 2.50, 1),
('8801234567893', 'ChocoPieBanana', 'Orion', 'Box', '6 pack', 3.50, 3),
('8803456789013', 'NeoguriSpicy', 'Nongshim', 'Bag', '120g', 1.50, 4),
('8804567890124', 'Bibimmyun', 'CJ', 'Bag', '130g', 1.80, 5),
('8805678901235', 'MountainDew', 'PepsiCo', 'Can', '500ml', 2.30, 6),
('8806789012346', 'HoneyButterChips', 'Haitai', 'Bag', '60g', 1.80, 7),
('8807890123457', 'BulDakRamen', 'Samyang', 'Bag', '140g', 2.00, 8),
('8808901234568', 'SardineCan', 'Dongwon', 'Can', '150g', 4.00, 9),
('8809012345679', 'TofuFirm', 'Pulmuone', 'Pack', '300g', 2.50, 10),
('8801234567894', 'CocaColaZero', 'Coca-Cola', 'Can', '500ml', 2.50, 1);


INSERT INTO product_category (product_upc, category) VALUES
('8801234567890', 'Beverage'), ('8801234567890', 'SoftDrink'),
('8801234567891', 'Beverage'), ('8801234567891', 'SoftDrink'),
('8802345678901', 'Snack'), ('8802345678901', 'Dessert'),
('8803456789012', 'Noodle'), ('8803456789012', 'InstantFood'),
('8804567890123', 'Rice'), ('8804567890123', 'InstantFood'),
('8805678901234', 'Beverage'), ('8805678901234', 'SoftDrink'),
('8806789012345', 'Snack'), ('8806789012345', 'Chips'),
('8807890123456', 'Noodle'), ('8807890123456', 'InstantFood'),
('8808901234567', 'CannedFood'), ('8808901234567', 'Seafood'),
('8809012345678', 'Tofu'), ('8809012345678', 'Vegan'),
('8801234567892', 'Beverage'), ('8801234567892', 'SoftDrink'),
('8801234567893', 'Snack'), ('8801234567893', 'Dessert'),
('8803456789013', 'Noodle'), ('8803456789013', 'InstantFood'),
('8804567890124', 'Noodle'), ('8804567890124', 'InstantFood'),
('8805678901235', 'Beverage'), ('8805678901235', 'SoftDrink'),
('8806789012346', 'Snack'), ('8806789012346', 'Chips'),
('8807890123457', 'Noodle'), ('8807890123457', 'InstantFood'),
('8808901234568', 'CannedFood'), ('8808901234568', 'Seafood'),
('8809012345679', 'Tofu'), ('8809012345679', 'Vegan'),
('8801234567894', 'Beverage'), ('8801234567894', 'SoftDrink');

INSERT INTO customer (customer_id, first_name, last_name, loyalty_status) VALUES
(1, 'Ji-hoon', 'Kim', 'VVIP'),
(2, 'Soo-jin', 'Lee', 'VIP'),
(3, 'Min-seok', 'Park', 'Regular'),
(4, 'Hye-jin', 'Choi', 'VIP'),
(5, 'Dong-hyun', 'Kang', 'Regular'),
(6, 'Eun-ji', 'Jung', 'VVIP'),
(7, 'Tae-ho', 'Han', 'Regular'),
(8, 'Mi-young', 'Oh', 'VIP'),
(9, 'Seung-woo', 'Yoon', 'Regular'),
(10, 'Ji-eun', 'Song', 'VIP'),
(11, 'Hyun-woo', 'Shin', 'Regular'),
(12, 'Ye-jin', 'Kwon', 'VVIP'),
(13, 'Jae-ho', 'Ryu', 'Regular'),
(14, 'Soo-mi', 'Bae', 'VIP'),
(15, 'Min-ji', 'Moon', 'Regular'),
(16, 'Kyung-soo', 'Jang', 'VIP'),
(17, 'Hae-won', 'Lim', 'Regular'),
(18, 'Sang-hoon', 'Cho', 'VVIP'),
(19, 'Eun-hye', 'Hwang', 'Regular'),
(20, 'Woo-jin', 'Na', 'VIP');

INSERT INTO customer_phone (customer_id, phone) VALUES
(1, '010-1111-2222'), (1, '010-1111-3333'),
(2, '010-2222-3333'), (2, '010-2222-4444'),
(3, '010-3333-4444'), (4, '010-4444-5555'),
(5, '010-5555-6666'), (6, '010-6666-7777'),
(7, '010-7777-8888'), (8, '010-8888-9999'),
(9, '010-9999-0000'), (10, '010-1234-5678'),
(11, '010-2345-6789'), (12, '010-3456-7890'),
(13, '010-4567-8901'), (14, '010-5678-9012'),
(15, '010-6789-0123'), (16, '010-7890-1234'),
(17, '010-8901-2345'), (18, '010-9012-3456'),
(19, '010-0123-4567'), (20, '010-1234-6789'),
(3, '010-3333-5555'), (4, '010-4444-6666'),
(5, '010-5555-7777'), (6, '010-6666-8888'),
(7, '010-7777-9999'), (8, '010-8888-0000'),
(9, '010-9999-1111'), (10, '010-1234-6789');

INSERT INTO customer_email (customer_id, email) VALUES
(1, 'jihoon.kim@gmail.com'), (2, 'soojin.lee@naver.com'),
(3, 'minseok.park@yahoo.com'), (4, 'hyejin.choi@gmail.com'),
(5, 'donghyun.kang@naver.com'), (6, 'eunji.jung@gmail.com'),
(7, 'taeho.han@yahoo.com'), (8, 'miyoung.oh@naver.com'),
(9, 'seungwoo.yoon@gmail.com'), (10, 'jieun.song@naver.com'),
(11, 'hyunwoo.shin@yahoo.com'), (12, 'yejin.kwon@gmail.com'),
(13, 'jaeho.ryu@naver.com'), (14, 'soomi.bae@gmail.com'),
(15, 'minji.moon@yahoo.com'), (16, 'kyungsoo.jang@naver.com'),
(17, 'haewon.lim@gmail.com'), (18, 'sanghoon.cho@naver.com'),
(19, 'eunhye.hwang@yahoo.com'), (20, 'woojin.na@gmail.com');

INSERT INTO store_product (store_id, product_upc, inventory_level, reorder_threshold, reorder_quantity) VALUES
(1, '8801234567890', 15, 10, 20), (1, '8801234567891', 10, 5, 15),
(1, '8802345678901', 20, 10, 30), (1, '8803456789012', 25, 15, 40),
(2, '8801234567890', 12, 8, 20), (2, '8801234567891', 8, 5, 15),
(2, '8802345678901', 18, 10, 25), (2, '8803456789012', 30, 20, 50),
(3, '8801234567890', 10, 5, 15), (3, '8801234567891', 15, 10, 20),
(3, '8802345678901', 22, 12, 30), (3, '8803456789012', 28, 15, 40),
(4, '8801234567890', 14, 8, 20), (4, '8801234567891', 9, 5, 15),
(4, '8802345678901', 19, 10, 25), (4, '8803456789012', 27, 15, 40),
(5, '8801234567891', 7, 4, 10), (5, '8802345678901', 21, 12, 30), 
(5, '8803456789012', 26, 15, 40), (9, '8805678901234', 8, 12, 15),
(6, '8801234567890', 13, 8, 20), (6, '8801234567891', 10, 5, 15),
(6, '8802345678901', 17, 10, 25), (6, '8803456789012', 29, 20, 50),
(7, '8801234567890', 16, 10, 20), (7, '8801234567891', 12, 6, 15),
(7, '8802345678901', 23, 12, 30), (7, '8803456789012', 24, 15, 40),
(8, '8801234567890', 9, 5, 15), (8, '8801234567891', 8, 4, 10),
(8, '8802345678901', 20, 10, 25), (8, '8803456789012', 25, 15, 40),
(9, '8801234567890', 14, 8, 20), (9, '8801234567891', 11, 6, 15),
(9, '8802345678901', 18, 10, 25), (9, '8803456789012', 27, 15, 40),
(10, '8801234567890', 12, 6, 15), (10, '8801234567891', 9, 5, 15),
(10, '8802345678901', 22, 12, 30), (10, '8803456789012', 26, 15, 40),
(1, '8801234567892', 5, 10, 20), (1, '8801234567893', 8, 15, 25),
(1, '8803456789013', 12, 10, 20), (2, '8804567890124', 3, 5, 15),
(2, '8805678901235', 10, 8, 20), (3, '8806789012346', 7, 10, 15),
(3, '8807890123457', 15, 12, 25), (4, '8808901234568', 9, 15, 20),
(4, '8809012345679', 20, 10, 30), (5, '8801234567894', 6, 8, 15),
(5, '8801234567890', 18, 10, 20), (8, '8804567890123', 12, 10, 20), 
(10, '8806789012345', 15, 10, 20);


INSERT INTO sales_transaction (transaction_id, store_id, vendor_id, customer_id, transaction_type, date_time, payment_method) VALUES
(1, 1, NULL, 1, 'In_Store', '2025-06-01 10:00:00', 'Card'),
(2, 2, NULL, 2, 'In_Store', '2025-06-01 11:00:00', 'Cash'),
(3, NULL, 1, 3, 'Online_delivery', '2025-06-01 12:00:00', 'Mobile'),
(4, 3, NULL, 4, 'In_Store', '2025-06-01 13:00:00', 'Card'),
(5, 4, NULL, 5, 'In_Store', '2025-06-01 14:00:00', 'Cash'),
(6, NULL, 2, 6, 'Online_pickup', '2025-06-01 15:00:00', 'Mobile'),
(7, 5, NULL, 7, 'In_Store', '2025-06-01 16:00:00', 'Card'),
(8, 6, NULL, 8, 'In_Store', '2025-06-01 17:00:00', 'Cash'),
(9, NULL, 3, 9, 'Online_delivery', '2025-06-01 18:00:00', 'Mobile'),
(10, 7, NULL, 10, 'In_Store', '2025-06-01 19:00:00', 'Card'),
(11, 8, NULL, 11, 'In_Store', '2025-06-02 10:00:00', 'Cash'),
(12, NULL, 4, 12, 'Online_pickup', '2025-06-02 11:00:00', 'Mobile'),
(13, 9, NULL, 13, 'In_Store', '2025-06-02 12:00:00', 'Card'),
(14, 10, NULL, 14, 'In_Store', '2025-06-02 13:00:00', 'Cash'),
(15, NULL, 5, 15, 'Online_delivery', '2025-06-02 14:00:00', 'Mobile'),
(16, 1, NULL, 16, 'In_Store', '2025-06-02 15:00:00', 'Card'),
(17, 2, NULL, 17, 'In_Store', '2025-06-02 16:00:00', 'Cash'),
(18, NULL, 6, 18, 'Online_pickup', '2025-06-02 17:00:00', 'Mobile'),
(19, 3, NULL, 19, 'In_Store', '2025-06-02 18:00:00', 'Card'),
(20, 4, NULL, 20, 'In_Store', '2025-06-02 19:00:00', 'Cash'),
(21, 1, NULL, 1, 'In_Store', '2025-05-01 09:00:00', 'Card'), 
(22, 2, NULL, 6, 'In_Store', '2025-05-02 10:00:00', 'Cash'), 
(23, 3, NULL, 12, 'In_Store', '2025-05-03 11:00:00', 'Mobile'), 
(24, 4, NULL, 2, 'In_Store', '2025-05-04 12:00:00', 'Card'), 
(25, 5, NULL, 4, 'In_Store', '2025-05-05 13:00:00', 'Cash'),
(26, NULL, 1, 18, 'Online_delivery', '2025-05-06 14:00:00', 'Mobile'),
(27, 6, NULL, 3, 'In_Store', '2025-04-01 15:00:00', 'Card'), 
(28, 7, NULL, 5, 'In_Store', '2025-04-02 16:00:00', 'Cash'),
(29, 8, NULL, 7, 'In_Store', '2025-04-03 17:00:00', 'Mobile'),
(30, 9, NULL, 8, 'In_Store', '2025-06-01 18:00:00', 'Card'),
(31, 1, NULL, 1, 'In_Store', '2025-05-07 09:30:00', 'Card'),
(32, 2, NULL, 6, 'In_Store', '2025-05-08 10:30:00', 'Cash'),
(33, 3, NULL, 12, 'In_Store', '2025-05-09 11:30:00', 'Mobile'),
(34, 4, NULL, 18, 'In_Store', '2025-05-10 12:30:00', 'Card'),
(35, 5, NULL, 1, 'In_Store', '2025-04-04 13:30:00', 'Cash'),
(36, 6, NULL, 6, 'In_Store', '2025-04-05 14:30:00', 'Mobile'),
(37, 7, NULL, 12, 'In_Store', '2025-06-03 15:30:00', 'Card'),
(38, 8, NULL, 18, 'In_Store', '2025-06-04 16:30:00', 'Cash');

INSERT INTO transaction_item (transaction_id, product_upc, quantity) VALUES
(1, '8801234567890', 20), (1, '8802345678901', 1),
(2, '8801234567891', 2), (2, '8803456789012', 1),
(3, '8801234567890', 3), (3, '8804567890123', 1),
(4, '8802345678901', 1), (4, '8805678901234', 1),
(5, '8803456789012', 2), (5, '8806789012345', 1),
(6, '8804567890123', 1), (6, '8807890123456', 1),
(7, '8805678901234', 2), (7, '8808901234567', 1),
(8, '8806789012345', 1), (8, '8809012345678', 1),
(9, '8807890123456', 2), (9, '8801234567892', 1),
(10, '8808901234567', 1), (10, '8801234567893', 1),
(11, '8809012345678', 2), (11, '8803456789013', 1),
(12, '8801234567892', 1), (12, '8804567890124', 1),
(13, '8801234567893', 2), (13, '8805678901235', 1),
(14, '8803456789013', 1), (14, '8806789012346', 1),
(15, '8804567890124', 2), (15, '8807890123457', 1),
(16, '8805678901235', 1), (16, '8808901234568', 1),
(17, '8806789012346', 2), (17, '8809012345679', 1),
(18, '8807890123457', 1), (18, '8801234567894', 1),
(19, '8808901234568', 2), (19, '8801234567890', 1),
(20, '8809012345679', 1), (20, '8801234567891', 1),
(21, '8801234567890', 5), (21, '8802345678901', 2),
(22, '8801234567891', 3), (22, '8803456789012', 4),
(23, '8801234567890', 2), (23, '8806789012345', 3),
(24, '8802345678901', 1), (24, '8807890123456', 2),
(25, '8803456789012', 3), (25, '8809012345678', 1),
(26, '8801234567890', 4), (26, '8808901234567', 2),
(27, '8804567890123', 2), (27, '8805678901234', 3),
(28, '8806789012345', 1), (28, '8801234567892', 2),
(29, '8807890123456', 3), (29, '8801234567893', 1),
(30, '8808901234567', 2), (30, '8803456789013', 4),
(31, '8801234567890', 3), (31, '8806789012345', 2),
(32, '8805678901234', 4), (32, '8803456789012', 3),
(33, '8801234567890', 2), (33, '8807890123456', 2),
(34, '8805678901234', 3), (34, '8802345678901', 1),
(35, '8801234567890', 5), (35, '8809012345678', 2),
(36, '8805678901234', 2), (36, '8804567890123', 3),
(37, '8801234567890', 4), (37, '8803456789013', 2),
(38, '8805678901234', 3), (38, '8806789012346', 1);
